outer_scale,center_scale,q3_q5_gradient_T_per_m,q4_gradient_T_per_m,after_chicane_tracks,after_chicane_D_mm,after_chicane_Dp_rad,after_chicane_objective_mm,final_tracks,final_D_mm,final_Dp_rad,final_objective_mm
-0.20,1.00,0.156987272,1.59657119,2,-3036.97859,-0.0736575591,3037.87169,2,-1711.15586,0.266730487,1731.81972
-0.20,1.05,0.156987272,1.67639975,2,-3195.98611,-0.00976799511,3196.00104,2,-1550.92496,0.362415954,1592.70636
-0.20,1.10,0.156987272,1.75622831,2,-3353.0541,0.0520228615,3353.45765,2,-1397.14774,0.455434216,1469.50404
-0.20,1.15,0.156987272,1.83605687,2,-3507.58256,0.112438537,3509.38425,2,-1246.8722,0.546591733,1361.41574
-0.20,1.20,0.156987272,1.91588543,2,-3659.33148,0.171880272,3663.3659,2,-1098.06636,0.636475834,1269.19314
-0.20,1.25,0.156987272,1.99571399,2,-3808.28086,0.230352303,3815.24118,2,-951.5422,0.724821271,1196.15987
-0.20,1.30,0.156987272,2.07554255,2,-3953.45069,0.289117102,3964.00821,2,-801.71572,0.813178363,1141.93132
-0.20,1.35,0.156987272,2.15537111,1,nan,nan,inf,1,nan,nan,inf
-0.20,1.40,0.156987272,2.23519967,1,nan,nan,inf,1,nan,nan,inf
-0.15,1.00,0.117740454,1.59657119,2,-3013.5464,-0.0926188554,3014.96935,2,-1769.84406,0.241143888,1786.19662
-0.15,1.05,0.117740454,1.67639975,2,-3180.51106,-0.0265592713,3180.62195,2,-1605.443,0.340361932,1641.12567
-0.15,1.10,0.117740454,1.75622831,2,-3345.55622,0.0371606719,3345.7626,2,-1448.37362,0.436631635,1512.75686
-0.15,1.15,0.117740454,1.83605687,2,-3507.9219,0.0995471017,3509.33408,2,-1294.54788,0.53107854,1399.24931
-0.15,1.20,0.117740454,1.91588543,2,-3667.34809,0.160919534,3670.87688,2,-1142.25382,0.624196952,1301.678
-0.15,1.25,0.117740454,1.99571399,2,-3823.87477,0.221286998,3830.27234,2,-992.27742,0.715725108,1223.46921
-0.15,1.30,0.117740454,2.07554255,2,-3976.52194,0.281873631,3986.49965,2,-839.19868,0.807177359,1164.38383
-0.15,1.35,0.117740454,2.15537111,1,nan,nan,inf,1,nan,nan,inf
-0.15,1.40,0.117740454,2.23519967,1,nan,nan,inf,1,nan,nan,inf
-0.10,1.00,0.0784936358,1.59657119,2,-2986.05656,-0.112376304,2988.17038,2,-1829.52974,0.214127266,1842.01779
-0.10,1.05,0.0784936358,1.67639975,2,-3162.41821,-0.0455203432,3162.7458,2,-1666.70254,0.315389433,1696.28059
-0.10,1.10,0.0784936358,1.75622831,2,-3335.02042,0.0209701408,3335.08635,2,-1503.059,0.415871205,1559.53045
-0.10,1.15,0.0784936358,1.83605687,2,-3504.90318,0.0859962437,3505.95802,2,-1343.08708,0.514373663,1438.21527
-0.10,1.20,0.0784936358,1.91588543,2,-3672.26649,0.149338226,3675.30177,2,-1187.27082,0.610797472,1335.17248
-0.10,1.25,0.0784936358,1.99571399,2,-3836.59034,0.211637906,3842.4232,2,-1033.8242,0.705578096,1251.65208
-0.10,1.30,0.0784936358,2.07554255,1,nan,nan,inf,1,nan,nan,inf
-0.10,1.35,0.0784936358,2.15537111,1,nan,nan,inf,1,nan,nan,inf
-0.10,1.40,0.0784936358,2.23519967,1,nan,nan,inf,1,nan,nan,inf
-0.05,1.00,0.0392468179,1.59657119,2,-2954.42912,-0.132942751,2957.41867,2,-1890.2249,0.185653318,1899.32023
-0.05,1.05,0.0392468179,1.67639975,2,-3139.32762,-0.0639361245,3139.97862,2,-1723.58958,0.290488266,1747.89716
-0.05,1.10,0.0392468179,1.75622831,2,-3320.24673,0.00475162958,3320.25013,2,-1555.84788,0.394578611,1605.10277
-0.05,1.15,0.0392468179,1.83605687,2,-3498.46644,0.0717747811,3499.20263,2,-1392.48782,0.496459287,1478.34169
-0.05,1.20,0.0392468179,1.91588543,2,-3673.96674,0.137121303,3676.5247,2,-1233.14736,0.59625343,1369.73376
-0.05,1.25,0.0392468179,1.99571399,2,-3846.32763,0.201400831,3851.59688,2,-1076.17052,0.694373041,1280.74077
-0.05,1.30,0.0392468179,2.07554255,1,nan,nan,inf,1,nan,nan,inf
-0.05,1.35,0.0392468179,2.15537111,1,nan,nan,inf,1,nan,nan,inf
-0.05,1.40,0.0392468179,2.23519967,1,nan,nan,inf,1,nan,nan,inf
0.00,1.00,-0,1.59657119,2,-2918.56414,-0.154336061,2922.642,2,-1951.93554,0.155696643,1958.13529
0.00,1.05,-0,1.67639975,2,-3112.23936,-0.0831312129,3113.34942,2,-1781.45412,0.264186014,1800.93671
0.00,1.10,-0,1.75622831,2,-3301.73523,-0.0121814863,3301.7577,2,-1609.49628,0.371987448,1651.92401
0.00,1.15,-0,1.83605687,2,-3488.53174,0.0568728274,3488.9953,2,-1442.75606,0.477308773,1519.66072
0.00,1.20,-0,1.91588543,2,-3672.4289,0.124271474,3674.53091,2,-1279.83544,0.580557644,1405.35616
0.00,1.25,-0,1.99571399,2,-3853.06668,0.190565265,3857.7763,2,-1119.31842,0.682083691,1310.76767
0.00,1.30,-0,2.07554255,1,nan,nan,inf,1,nan,nan,inf
0.00,1.35,-0,2.15537111,1,nan,nan,inf,1,nan,nan,inf
0.00,1.40,-0,2.23519967,1,nan,nan,inf,1,nan,nan,inf
0.05,1.00,-0.0392468179,1.59657119,2,-2878.40168,-0.176568424,2883.81217,2,-2014.66764,0.124226699,2018.49399
0.05,1.05,-0.0392468179,1.67639975,2,-3081.11347,-0.103115811,3082.83848,2,-1840.29014,0.236457743,1855.41911
0.05,1.10,-0.0392468179,1.75622831,2,-3279.40595,-0.0298361451,3279.54168,2,-1663.9902,0.348078868,1700.00655
0.05,1.15,-0.0392468179,1.83605687,2,-3475.03913,0.0412787647,3475.28429,2,-1493.88984,0.456907348,1562.20075
0.05,1.20,-0.0392468179,1.91588543,2,-3667.573,0.110773757,3669.2455,2,-1327.35306,0.563691157,1442.08664
0.05,1.25,-0.0392468179,1.99571399,2,-3856.70754,0.179121749,3860.86489,2,-1163.27188,0.6686903,1341.77054
0.05,1.30,-0.0392468179,2.07554255,1,nan,nan,inf,1,nan,nan,inf
0.05,1.35,-0.0392468179,2.15537111,1,nan,nan,inf,1,nan,nan,inf
0.05,1.40,-0.0392468179,2.23519967,1,nan,nan,inf,1,nan,nan,inf
0.10,1.00,-0.0784936358,1.59657119,2,-2833.82181,-0.199655272,2840.8464,2,-2078.45324,0.0912202913,2080.45404
0.10,1.05,-0.0784936358,1.67639975,2,-3045.83001,-0.123906065,3048.34926,2,-1900.10766,0.207279885,1911.38015
0.10,1.10,-0.0784936358,1.75622831,2,-3253.17897,-0.0482420614,3253.53665,2,-1719.39962,0.322810853,1749.44045
0.10,1.15,-0.0784936358,1.83605687,2,-3457.86867,0.0249817624,3457.95891,2,-1545.89314,0.435228083,1605.99162
0.10,1.20,-0.0784936358,1.91588543,2,-3659.2991,0.0966157468,3660.57434,2,-1375.70622,0.545623801,1479.95707
0.10,1.25,-0.0784936358,1.99571399,2,-3857.19027,0.16706188,3860.80645,2,-1208.02888,0.654181128,1373.78554
0.10,1.30,-0.0784936358,2.07554255,1,nan,nan,inf,1,nan,nan,inf
0.10,1.35,-0.0784936358,2.15537111,1,nan,nan,inf,1,nan,nan,inf
0.10,1.40,-0.0784936358,2.23519967,1,nan,nan,inf,1,nan,nan,inf
0.15,1.00,-0.117740454,1.59657119,2,-2784.74458,-0.223618041,2793.70854,2,-2143.2783,0.0566391407,2144.02655
0.15,1.05,-0.117740454,1.67639975,2,-3006.30905,-0.14551489,3009.82868,2,-1960.91666,0.176622682,1968.85493
0.15,1.10,-0.117740454,1.75622831,2,-3224.09433,-0.0687605209,3224.82748,2,-1781.22654,0.294666499,1805.43522
0.15,1.15,-0.117740454,1.83605687,2,-3437.0004,0.00796945021,3437.00964,2,-1598.76796,0.412251569,1651.0634
0.15,1.20,-0.117740454,1.91588543,2,-3647.56726,0.0817893718,3648.48413,2,-1424.89292,0.52634085,1518.99787
0.15,1.25,-0.117740454,1.99571399,2,-3854.4349,0.154375147,3857.52512,2,-1253.59144,0.638529281,1406.84439
0.15,1.30,-0.117740454,2.07554255,1,nan,nan,inf,1,nan,nan,inf
0.15,1.35,-0.117740454,2.15537111,1,nan,nan,inf,1,nan,nan,inf
0.15,1.40,-0.117740454,2.23519967,1,nan,nan,inf,1,nan,nan,inf
0.20,1.00,-0.156987272,1.59657119,2,-2731.05006,-0.248472681,2742.32987,2,-2209.18284,0.0204559178,2209.27754
0.20,1.05,-0.156987272,1.67639975,2,-2962.47065,-0.167959077,2967.2281,2,-2022.73114,0.144460692,2027.88317
0.20,1.10,-0.156987272,1.75622831,2,-3189.9121,-0.0888524324,3191.14931,2,-1839.06496,0.266443091,1858.26582
0.20,1.15,-0.156987272,1.83605687,2,-3412.31439,-0.00977016389,3412.32838,2,-1652.5183,0.38795135,1697.44602
0.20,1.20,-0.156987272,1.91588543,2,-3632.27752,0.0662819097,3632.88223,2,-1474.91716,0.505819247,1559.2414
0.20,1.25,-0.156987272,1.99571399,2,-3848.40149,0.141052094,3850.98555,2,-1299.95954,0.621719439,1440.98226
0.20,1.30,-0.156987272,2.07554255,1,nan,nan,inf,1,nan,nan,inf
0.20,1.35,-0.156987272,2.15537111,1,nan,nan,inf,1,nan,nan,inf
0.20,1.40,-0.156987272,2.23519967,1,nan,nan,inf,1,nan,nan,inf
0.25,1.00,-0.196234089,1.59657119,2,-2672.6983,-0.274235016,2686.73055,2,-2276.16684,-0.0173611214,2276.23305
0.25,1.05,-0.196234089,1.67639975,2,-2914.19486,-0.19125589,2920.46409,2,-2085.55712,0.110762361,2088.4963
0.25,1.10,-0.196234089,1.75622831,2,-3151.59232,-0.109740814,3153.50237,2,-1897.8589,0.236778465,1912.57221
0.25,1.15,-0.196234089,1.83605687,2,-3384.23069,-0.0288379972,3384.35355,2,-1709.55018,0.361653926,1747.3853
0.25,1.20,-0.196234089,1.91588543,2,-3613.34995,0.0500832124,3613.69702,2,-1525.78094,0.484036997,1600.71837
0.25,1.25,-0.196234089,1.99571399,2,-3838.81009,0.127026423,3840.91117,2,-1347.2632,0.603643243,1476.31409
0.25,1.30,-0.196234089,2.07554255,1,nan,nan,inf,1,nan,nan,inf
0.25,1.35,-0.196234089,2.15537111,1,nan,nan,inf,1,nan,nan,inf
0.25,1.40,-0.196234089,2.23519967,1,nan,nan,inf,1,nan,nan,inf
0.30,1.00,-0.235480907,1.59657119,3,-3056.05,-3.2509134,4461.82468,2,-2344.27032,-0.056845605,2344.95944
0.30,1.05,-0.235480907,1.67639975,2,-2861.42174,-0.215419035,2869.51908,2,-2149.4026,0.0754992015,2150.72817
0.30,1.10,-0.235480907,1.75622831,2,-3109.05506,-0.131441669,3111.83231,2,-1957.61634,0.205645387,1968.38811
0.30,1.15,-0.235480907,1.83605687,2,-3351.60935,-0.0479835103,3351.95281,2,-1764.70956,0.334735105,1796.17578
0.30,1.20,-0.235480907,1.91588543,2,-3590.72458,0.0331813069,3590.87789,2,-1577.48224,0.460972108,1643.45535
0.30,1.25,-0.235480907,1.99571399,2,-3825.94076,0.112398151,3827.59141,2,-1395.24442,0.584450408,1512.70925
0.30,1.30,-0.235480907,2.07554255,1,nan,nan,inf,1,nan,nan,inf
0.30,1.35,-0.235480907,2.15537111,1,nan,nan,inf,1,nan,nan,inf
0.30,1.40,-0.235480907,2.23519967,1,nan,nan,inf,1,nan,nan,inf
0.35,1.00,-0.274727725,1.59657119,3,-2780.79,-2.85932411,3988.54954,2,-2413.49326,-0.0980316534,2415.48337
0.35,1.05,-0.274727725,1.67639975,2,-2804.05136,-0.240466632,2814.3433,2,-2214.30754,0.0386431941,2214.64471
0.35,1.10,-0.274727725,1.75622831,2,-3062.16039,-0.153967284,3066.02873,2,-2018.34128,0.173018318,2025.74353
0.35,1.15,-0.274727725,1.83605687,2,-3314.93043,-0.0678907145,3315.62557,2,-1820.74446,0.306423839,1846.34936
0.35,1.20,-0.274727725,1.91588543,2,-3564.12148,0.0155049653,3564.15521,2,-1630.16508,0.436506561,1687.59479
0.35,1.25,-0.274727725,1.99571399,2,-3809.53354,0.0971036152,3810.7709,2,-1444.03318,0.56403885,1550.28115
0.35,1.30,-0.274727725,2.07554255,1,nan,nan,inf,1,nan,nan,inf
0.35,1.35,-0.274727725,2.15537111,1,nan,nan,inf,1,nan,nan,inf
0.35,1.40,-0.274727725,2.23519967,1,nan,nan,inf,1,nan,nan,inf
0.40,1.00,-0.313974543,1.59657119,3,-2524.72,-2.44208793,3512.54958,2,-2483.87568,-0.140956751,2487.87202
0.40,1.05,-0.313974543,1.67639975,2,-2741.98378,-0.266420872,2754.89657,2,-2280.27198,0.000154088158,2280.27199
0.40,1.10,-0.313974543,1.75622831,2,-3010.86835,-0.177339329,3016.08645,2,-2080.04772,0.138861241,2084.67766
0.40,1.15,-0.313974543,1.83605687,2,-3275.214,-0.0898836982,3276.44713,2,-1882.99486,0.275250839,1903.00622
0.40,1.20,-0.313974543,1.91588543,2,-3533.84071,-0.00283615547,3533.84185,2,-1683.65546,0.41077474,1733.04114
0.40,1.25,-0.313974543,1.99571399,2,-3789.54848,0.0811306299,3790.41685,2,-1493.63148,0.542383686,1589.06106
0.40,1.30,-0.313974543,2.07554255,1,nan,nan,inf,1,nan,nan,inf
0.40,1.35,-0.313974543,2.15537111,1,nan,nan,inf,1,nan,nan,inf
0.40,1.40,-0.313974543,2.23519967,1,nan,nan,inf,1,nan,nan,inf
0.45,1.00,-0.353221361,1.59657119,3,-2292.26,-1.99369025,3037.96918,2,-2555.45757,-0.18565248,2562.19247
0.45,1.05,-0.353221361,1.67639975,3,-3115.37,-3.28919127,4530.3763,2,-2347.3159,-0.0399975946,2347.65665
0.45,1.10,-0.353221361,1.75622831,2,-2955.07901,-0.201574297,2961.94601,2,-2142.77366,0.103148724,2145.25491
0.45,1.15,-0.353221361,1.83605687,2,-3230.1201,-0.111603146,3232.04751,2,-1941.6808,0.243782095,1956.92464
0.45,1.20,-0.353221361,1.91588543,2,-3499.60231,-0.0219260032,3499.671,2,-1738.22136,0.383612179,1780.04826
0.45,1.25,-0.353221361,1.99571399,2,-3765.86565,0.0644670021,3766.41741,2,-1544.03934,0.519463908,1629.07957
0.45,1.30,-0.353221361,2.07554255,1,nan,nan,inf,1,nan,nan,inf
0.45,1.35,-0.353221361,2.15537111,1,nan,nan,inf,1,nan,nan,inf
0.45,1.40,-0.353221361,2.23519967,1,nan,nan,inf,1,nan,nan,inf
0.50,1.00,-0.392468179,1.59657119,3,-2084.936,-1.48422158,2559.27174,2,-2630.63892,-0.23281328,2640.92089
0.50,1.05,-0.392468179,1.67639975,3,-2824.88,-2.87971122,4033.94147,2,-2415.47932,-0.0818469623,2416.86558
0.50,1.10,-0.392468179,1.75622831,2,-2894.67244,-0.226687313,2903.53503,2,-2206.5191,0.0658479778,2207.50141
0.50,1.15,-0.392468179,1.83605687,2,-3180.9088,-0.13407791,3183.73329,2,-2001.16824,0.210928167,2012.25372
0.50,1.20,-0.392468179,1.91588543,2,-3461.86636,-0.0424269298,3462.12633,2,-1796.0208,0.354446308,1830.66187
0.50,1.25,-0.392468179,1.99571399,2,-3738.44509,0.0471016231,3738.7418,2,-1595.26274,0.495256491,1670.37188
0.50,1.30,-0.392468179,2.07554255,1,nan,nan,inf,1,nan,nan,inf
0.50,1.35,-0.392468179,2.15537111,1,nan,nan,inf,1,nan,nan,inf
0.50,1.40,-0.392468179,2.23519967,1,nan,nan,inf,1,nan,nan,inf
0.55,1.00,-0.431714997,1.59657119,3,-1916.683,-0.863080502,2102.04226,2,-2704.11974,-0.281029721,2718.68374
0.55,1.05,-0.431714997,1.67639975,3,-2557.52,-2.44736214,3539.84322,2,-2484.78221,-0.125429515,2487.94597
0.55,1.10,-0.431714997,1.75622831,2,-2829.56869,-0.252697496,2840.82998,2,-2271.30403,0.0269278542,2271.46365
0.55,1.15,-0.431714997,1.83605687,2,-3127.28016,-0.157392188,3131.23833,2,-2061.62522,0.176554127,2069.17131
0.55,1.20,-0.431714997,1.91588543,2,-3419.39289,-0.0629434842,3419.97217,2,-1851.61376,0.324709043,1879.86954
0.55,1.25,-0.431714997,1.99571399,2,-3707.16687,0.0290214919,3707.28046,2,-1647.30568,0.469741933,1712.97212
0.55,1.30,-0.431714997,2.07554255,2,-3990.48208,0.118781536,3992.24953,2,-1448.31298,0.61172578,1572.20193
0.55,1.35,-0.431714997,2.15537111,1,nan,nan,inf,1,nan,nan,inf
0.55,1.40,-0.431714997,2.23519967,1,nan,nan,inf,1,nan,nan,inf
0.60,1.00,-0.470961815,1.59657119,3,-1809.876,-0.546333964,1890.53747,2,-2778.78003,-0.331108019,2798.43724
0.60,1.05,-0.470961815,1.67639975,3,-2314.58,-1.97709144,3044.03862,2,-2555.26458,-0.170783764,2560.96548
0.60,1.10,-0.470961815,1.75622831,3,-3224.85,-3.38535187,4675.49621,2,-2337.26846,-0.0137386418,2337.30884
0.60,1.15,-0.470961815,1.83605687,2,-3069.15424,-0.181555942,3074.51952,2,-2123.05169,0.140638647,2127.70479
0.60,1.20,-0.470961815,1.91588543,2,-3372.70198,-0.0842252384,3373.75347,2,-1908.00626,0.293560878,1930.45743
0.60,1.25,-0.470961815,1.99571399,2,-3671.99103,0.0102141871,3672.00524,2,-1700.16818,0.442891065,1756.90761
0.60,1.30,-0.470961815,2.07554255,2,-3966.54138,0.102497151,3967.86545,2,-1497.29344,0.589210507,1609.05459
0.60,1.35,-0.470961815,2.15537111,1,nan,nan,inf,1,nan,nan,inf
0.60,1.40,-0.470961815,2.23519967,1,nan,nan,inf,1,nan,nan,inf
