point_id,group_name,scale,n_events,final_mu+_uncut,p_190_210_MeVc,r_le_20mm,p_190_210_MeVc_r_le_20mm,r_le_50mm,p_190_210_MeVc_r_le_50mm,r_le_75mm,p_190_210_MeVc_r_le_75mm,r_le_100mm,p_190_210_MeVc_r_le_100mm,smooth_score,smooth_score_per_track,hard_yield_per_track
15,G12,0.75,1000000,270,115,4,4,22,16,50,41,82,64,2.49026439,2.49026439e-06,4e-06
10,G678,1.4,1000000,240,70,3,3,25,18,54,33,71,41,2.37269885,2.37269885e-06,3e-06
9,G678,1.25,1000000,270,92,3,3,19,14,42,29,63,44,2.35899775,2.35899775e-06,3e-06
4,GALL,1.2,1000000,256,89,3,2,21,16,45,34,76,51,2.21602807,2.21602807e-06,2e-06
18,G12,1.25,1000000,280,109,4,2,21,16,42,32,68,51,1.96403557,1.96403557e-06,2e-06
12,G345,0.9,1000000,272,99,2,2,26,21,58,39,87,55,1.88320363,1.88320363e-06,2e-06
7,G678,0.9,1000000,275,87,4,2,22,12,34,21,57,33,1.88220585,1.88220585e-06,2e-06
13,G345,1.1,1000000,262,84,5,2,18,11,41,26,55,34,1.78011915,1.78011915e-06,2e-06
11,G345,0.75,1000000,231,76,3,2,19,11,36,21,52,30,1.63903416,1.63903416e-06,2e-06
8,G678,1.1,1000000,263,104,2,1,27,24,52,43,81,60,1.58784949,1.58784949e-06,1e-06
5,G678,0.6,1000000,268,87,5,2,20,9,42,22,69,41,1.37222659,1.37222659e-06,2e-06
14,G345,1.25,1000000,279,102,2,1,17,13,35,26,63,44,1.25508623,1.25508623e-06,1e-06
2,GALL,0.9,1000000,244,80,1,1,16,11,32,22,51,32,0.969355559,9.69355559e-07,1e-06
0,nominal,1.0,1000000,279,122,0,0,19,15,54,35,87,57,0.939988423,9.39988423e-07,0.0
17,G12,1.1,1000000,261,83,2,1,11,9,34,26,62,43,0.721831191,7.21831191e-07,1e-06
16,G12,0.9,1000000,248,87,1,0,19,14,39,28,64,44,0.678274436,6.78274436e-07,0.0
6,G678,0.75,1000000,265,93,2,0,17,11,31,21,54,32,0.556433744,5.56433744e-07,0.0
3,GALL,1.1,1000000,250,97,1,0,17,13,44,32,76,54,0.488045449,4.88045449e-07,0.0
1,GALL,0.8,1000000,245,91,1,0,11,8,28,18,47,30,0.249159269,2.49159269e-07,0.0
