point_id,config,g12_scale,g678_scale,z_mm,total_tracks,final_pi+,final_mu+,mu_p190_210,mu_p190_210_r20,mean_x_mm,mean_y_mm,mean_r_mm,r_rms_mm,r_p50_mm,r_p90_mm,r_p95_mm,mean_xp_mrad,mean_yp_mrad,xp_rms_mrad,yp_rms_mrad
0,nominal,1.00,1.00,2000,1000194,999934,1,0,0,0,0,0,0,0,0,0,0,0,0,0
0,nominal,1.00,1.00,5000,415116,382441,21977,566,4,2.50672108,6.60388173,125.308163,49.9014256,132.206108,187.653207,194.688866,-0.553101407,2.40307175,57.8144847,85.3909776
0,nominal,1.00,1.00,8000,217175,191434,18848,430,12,6.71083163,0.412417858,103.729938,49.9904791,99.5408753,174.297416,187.52056,-4.13059335,-6.92155443,53.6889473,81.4931634
0,nominal,1.00,1.00,11000,146735,124743,16915,411,16,0.377081392,-8.61171836,105.179856,50.8899129,104.091892,176.049686,185.799844,-0.765655,-1.49659266,51.0149985,75.4087242
0,nominal,1.00,1.00,13000,120455,100602,15745,411,9,-1.46166752,-1.47059767,108.827744,49.8938031,104.208513,180.468045,189.55521,3.23507762,8.26577666,69.0894734,46.7619919
0,nominal,1.00,1.00,14000,78952,65049,11481,374,5,1.9241652,-4.56153482,117.81919,48.4014408,117.61534,180.721003,188.824612,53.1051364,0.950272666,52.8979674,49.7070967
0,nominal,1.00,1.00,14500,14867,9875,4541,361,4,-1.6637802,-6.74847919,121.291813,48.9813549,128.258742,185.628502,190.510378,9.53137502,0.110572997,61.4748904,50.1677377
0,nominal,1.00,1.00,15000,6284,3896,2180,324,4,-2.72554246,-8.34030087,125.373138,48.8200645,132.057568,188.578086,194.042918,9.18119855,-2.73125111,57.0435442,48.0385585
0,nominal,1.00,1.00,15500,4065,2448,1472,279,6,-6.23477834,-7.83892685,127.039206,49.280048,134.259763,185.552033,190.300364,1.07622613,2.35002297,56.6065324,38.8199016
0,nominal,1.00,1.00,17000,2039,1193,792,218,1,-7.39869217,-2.23960266,105.422843,43.5114262,108.478607,159.519379,175.672987,7.80656192,2.18598868,62.3315828,64.4214939
0,nominal,1.00,1.00,19300,1647,919,676,201,8,15.6191453,-3.89399855,86.1308342,42.6971119,81.6952086,148.410759,170.068525,-164.586335,5.11794179,45.5848577,31.6736371
0,nominal,1.00,1.00,20500,1442,805,598,178,10,27.3341503,1.74879004,84.7885215,42.7754963,76.8274728,148.123073,164.441649,-7.11241834,5.63612112,46.9408643,43.5234517
0,nominal,1.00,1.00,22000,818,441,349,161,2,12.4388185,16.0144988,99.0165581,43.1813819,94.8304273,162.778039,175.1168,-9.60511076,-2.32686864,74.1823109,31.0781808
0,nominal,1.00,1.00,23300,795,468,290,123,1,24.3587319,13.1132761,103.655556,41.7948174,104.167612,168.274674,176.789663,-14.3693423,-1.21749382,72.5384668,23.9184411
1,G12_G678,0.75,1.10,2000,1000187,999925,4,0,0,0,0,0,0,0,0,0,0,0,0,0
1,G12_G678,0.75,1.10,5000,414848,382181,22082,520,5,4.27783823,4.80742011,123.142157,46.7950237,124.396351,184.2297,191.172024,2.08740428,-1.04586562,53.3612737,87.2496141
1,G12_G678,0.75,1.10,8000,217896,191984,19036,390,10,4.08500776,7.00415319,104.843876,50.1997321,101.765819,175.644142,186.105401,0.977198366,3.47480957,54.0583062,79.3982555
1,G12_G678,0.75,1.10,11000,147216,125411,16718,396,6,2.65507029,-1.30976714,106.33882,50.3138332,104.677325,179.379052,191.697233,-1.94663739,0.709644041,47.0545602,82.2309787
1,G12_G678,0.75,1.10,13000,121569,101708,15661,373,7,3.03602651,-5.27769746,111.243225,48.7993623,115.674379,178.519396,186.603638,2.04277017,-2.76054747,70.9305076,49.7495008
1,G12_G678,0.75,1.10,14000,79337,65272,11538,336,6,5.22233274,-4.08862059,115.645218,50.2568271,118.47241,181.522914,188.903389,53.6202055,-0.389110188,55.3360014,51.7761376
1,G12_G678,0.75,1.10,14500,15453,10612,4371,325,2,8.30141422,-0.29912504,122.271036,48.187673,124.442244,183.999194,191.444148,13.88364,4.45818775,69.5226907,52.5569531
1,G12_G678,0.75,1.10,15000,5972,3739,2010,279,3,9.86424467,-5.48713089,125.69696,49.4208272,130.77707,187.48691,192.96804,13.5086625,-0.779328172,68.1817135,49.0344918
1,G12_G678,0.75,1.10,15500,3726,2303,1274,227,4,-2.38540327,-8.05166264,123.506441,49.7081183,129.219737,185.156484,191.575682,-0.962009879,-1.97307503,59.2829259,35.3208687
1,G12_G678,0.75,1.10,17000,1769,1061,650,167,5,-10.9508955,-9.42551191,104.572134,45.4341898,104.263322,164.076726,177.002672,10.148351,-6.54220765,62.9895051,58.7009167
1,G12_G678,0.75,1.10,19300,1360,784,541,161,6,14.9957664,-2.31076751,93.5357069,44.199522,87.7846942,155.405405,175.70555,-162.347477,1.69770146,46.7430165,33.5276772
1,G12_G678,0.75,1.10,20500,1152,667,462,140,0,27.5997014,-10.98807,99.9660069,46.8137147,99.1179274,166.421983,183.793966,-13.7619755,-5.51949688,64.6862138,48.2645771
1,G12_G678,0.75,1.10,22000,692,424,250,104,4,16.3535707,-4.90362692,95.5161635,47.2603717,95.6070623,167.681061,174.840962,-9.33068158,3.32914543,62.4087829,36.7549241
1,G12_G678,0.75,1.10,23300,775,504,240,86,7,40.1890907,8.28459563,92.2512539,50.9351587,84.9628451,161.168582,182.450843,-24.1506738,4.67666399,84.3306492,24.2463734
